id;name;department;salary
1;Azamat;IT;500000
2;Marat;Sales;400000
3;Aigerim;Finance;450000
4;Daniyar;IT;550000
5;Madina;HR;350000
6;Daniyar;Logistics;265000
7;Dana;Logistics;335000
8;Madina;Sales;365000
9;Olzhas;Logistics;430000
10;Dinara;IT;720000
11;Azamat;IT;505000
12;Yerlan;Sales;620000
13;Azamat;Marketing;495000
14;Assel;Sales;645000
15;Yerlan;HR;420000
16;Dana;Marketing;575000
17;Laura;IT;550000
18;Bekzat;Logistics;365000
19;Madina;Finance;515000
20;Daniyar;Finance;435000
21;Daniyar;HR;390000
22;Arman;Finance;545000
23;Olzhas;IT;740000
24;Daniyar;Marketing;615000
25;Aigerim;HR;455000
26;Aida;Finance;610000
27;Aruzhan;Marketing;545000
28;Marat;IT;870000
29;Laura;Sales;485000
30;Baurzhan;IT;595000
31;Kamila;IT;625000
32;Gulnara;HR;395000
33;Askar;Sales;525000
34;Yerzhan;Sales;470000
35;Alibek;Logistics;475000
36;Aigerim;Logistics;450000
37;Nurlan;Logistics;430000
38;Yerlan;Logistics;310000
39;Kamila;HR;365000
40;Assel;Logistics;435000
41;Yerzhan;Sales;505000
42;Yerlan;IT;470000
43;Kamila;Finance;550000
44;Aruzhan;IT;810000
45;Saule;Logistics;325000
46;Ruslan;Logistics;385000
47;Zhanna;Logistics;305000
48;Madina;Finance;535000
49;Serik;Logistics;430000
50;Olzhas;Finance;650000
51;Kamila;Marketing;435000
52;Madina;Sales;625000
53;Aigerim;HR;295000
54;Madina;IT;850000
55;Nursultan;Sales;570000
56;Aigerim;Marketing;440000
57;Arman;HR;425000
58;Dana;Marketing;495000
59;Yerzhan;IT;520000
60;Symbat;Logistics;430000
61;Laura;Finance;595000
62;Timur;IT;725000
63;Zhanna;Sales;300000
64;Symbat;Logistics;340000
65;Laura;Marketing;375000
66;Alibek;Marketing;350000
67;Timur;Logistics;460000
68;Arman;Marketing;380000
69;Askar;Sales;400000
70;Laura;Marketing;615000
71;Alibek;Marketing;320000
72;Saule;Marketing;475000
73;Daniyar;IT;680000
74;Yerlan;Finance;415000
75;Symbat;Sales;350000
76;Olzhas;IT;760000
77;Laura;IT;790000
78;Madina;Sales;600000
79;Nurlan;Marketing;400000
80;Baurzhan;Marketing;510000
81;Aruzhan;HR;450000
82;Assel;Logistics;320000
83;Timur;Logistics;385000
84;Gulnara;Logistics;375000
85;Symbat;HR;445000
86;Daniyar;HR;355000
87;Aigerim;Sales;515000
88;Dinara;IT;800000
89;Dinara;Sales;440000
90;Aigerim;IT;850000
91;Yerlan;IT;490000
92;Baurzhan;IT;660000
93;Aliya;IT;600000
94;Yerzhan;Finance;690000
95;Serik;Sales;380000
96;Alibek;Logistics;440000
97;Ruslan;Marketing;395000
98;Nursultan;HR;410000
99;Daniyar;Sales;360000
100;Bekzat;Logistics;370000
101;Bekzat;HR;425000
102;Marat;Logistics;475000
103;Gulnara;Logistics;290000
104;Kamila;IT;665000
105;Yerlan;IT;570000
106;Serik;Sales;585000
107;Bekzat;Sales;415000
108;Zhanna;Finance;535000
109;Zhanna;IT;800000
110;Marat;IT;865000
111;Aida;Marketing;320000
112;Alibek;IT;600000
113;Bekzat;Sales;610000
114;Aruzhan;HR;405000
115;Nurlan;IT;690000
116;Kamila;IT;615000
117;Timur;HR;415000
118;Olzhas;Logistics;435000
119;Assel;Logistics;415000
120;Aruzhan;Sales;485000
121;Marat;Sales;645000
122;Olzhas;IT;650000
123;Marat;IT;820000
124;Aliya;HR;445000
125;Marat;Sales;625000
126;Baurzhan;IT;565000
127;Arman;IT;490000
128;Baurzhan;Logistics;335000
129;Daniyar;HR;460000
130;Dinara;Sales;325000
131;Aigerim;Marketing;450000
132;Dinara;Logistics;440000
133;Saule;Marketing;615000
134;Aruzhan;Finance;580000
135;Dana;Sales;550000
136;Yerzhan;Sales;490000
137;Saule;HR;300000
138;Zhanna;IT;845000
139;Daniyar;Marketing;340000
140;Aruzhan;Marketing;480000
141;Madina;Finance;600000
142;Symbat;IT;605000
143;Timur;Finance;480000
144;Aida;HR;450000
145;Timur;Logistics;455000
146;Aliya;Logistics;260000
147;Aida;Logistics;435000
148;Alibek;Finance;445000
149;Dana;Sales;370000
150;Olzhas;IT;800000
151;Dana;Sales;480000
152;Aruzhan;Marketing;545000
153;Aruzhan;Finance;545000
154;Ruslan;Marketing;400000
155;Aigerim;IT;855000
156;Aida;HR;365000
157;Azamat;IT;660000
158;Gulnara;Sales;465000
159;Olzhas;Sales;580000
160;Assel;Marketing;455000
161;Azamat;Marketing;355000
162;Symbat;IT;890000
163;Serik;Sales;320000
164;Dinara;Finance;730000
165;Bekzat;Sales;380000
166;Timur;IT;680000
167;Symbat;IT;675000
168;Yerzhan;Sales;455000
169;Daniyar;Logistics;370000
170;Symbat;Marketing;595000
171;Arman;HR;325000
172;Baurzhan;Sales;400000
173;Symbat;Sales;560000
174;Nurlan;IT;660000
175;Nursultan;HR;490000
176;Nursultan;Logistics;335000
177;Nurlan;Finance;445000
178;Baurzhan;HR;290000
179;Yerlan;HR;340000
180;Askar;HR;375000
181;Yerlan;Sales;315000
182;Aruzhan;Logistics;385000
183;Dana;Finance;420000
184;Askar;Finance;705000
185;Yerzhan;HR;450000
186;Azamat;Finance;450000
187;Nurlan;Finance;545000
188;Daniyar;IT;830000
189;Askar;HR;380000
190;Arman;HR;440000
191;Kamila;IT;815000
192;Dana;Sales;325000
193;Bekzat;Logistics;260000
194;Alibek;Marketing;575000
195;Yerzhan;Marketing;550000
196;Olzhas;Logistics;470000
197;Askar;Sales;575000
198;Yerzhan;IT;660000
199;Saule;Marketing;530000
200;Olzhas;IT;640000
201;Timur;Marketing;530000
202;Saule;HR;405000
203;Timur;Logistics;435000
204;Aruzhan;Sales;565000
205;Kamila;Logistics;475000
206;Symbat;Logistics;315000
207;Dinara;Marketing;415000
208;Serik;HR;280000
209;Timur;Finance;510000
210;Nursultan;HR;465000
211;Gulnara;Marketing;420000
212;Zhanna;HR;420000
213;Aruzhan;Logistics;420000
214;Nursultan;HR;330000
215;Aigerim;Logistics;350000
216;Yerzhan;Marketing;520000
217;Saule;Marketing;345000
218;Yerzhan;Sales;495000
219;Nursultan;Sales;425000
220;Azamat;Sales;325000
221;Ruslan;Sales;345000
222;Bekzat;HR;480000
223;Aruzhan;Marketing;545000
224;Kamila;Logistics;415000
225;Yerlan;HR;325000
226;Assel;Logistics;260000
227;Laura;IT;720000
228;Nurlan;Sales;630000
229;Marat;HR;455000
230;Alibek;Sales;375000
231;Madina;HR;425000
232;Aliya;Logistics;435000
233;Saule;Marketing;560000
234;Arman;HR;440000
235;Aida;HR;455000
236;Symbat;HR;330000
237;Baurzhan;Logistics;410000
238;Dana;HR;355000
239;Dana;Logistics;425000
240;Gulnara;HR;355000
241;Zhanna;Finance;425000
242;Timur;Logistics;335000
243;Saule;Finance;580000
244;Aigerim;Marketing;360000
245;Yerlan;Sales;545000
246;Madina;Logistics;325000
247;Bekzat;IT;710000
248;Serik;Finance;675000
249;Marat;HR;345000
250;Kamila;HR;465000
251;Azamat;Logistics;440000
252;Ruslan;HR;280000
253;Timur;Finance;625000
254;Serik;HR;450000
255;Symbat;Marketing;390000
256;Yerlan;HR;365000
257;Ruslan;HR;285000
258;Saule;HR;490000
259;Nursultan;Logistics;385000
260;Nurlan;Logistics;405000
261;Arman;Sales;640000
262;Alibek;IT;700000
263;Dinara;Marketing;530000
264;Aigerim;IT;860000
265;Madina;HR;425000
266;Marat;Sales;465000
267;Saule;HR;345000
268;Saule;HR;385000
269;Dana;HR;410000
270;Aida;Finance;430000
271;Azamat;HR;450000
272;Askar;IT;590000
273;Aigerim;Logistics;465000
274;Laura;IT;465000
275;Aruzhan;Sales;310000
276;Madina;Marketing;395000
277;Ruslan;Sales;370000
278;Aruzhan;Marketing;465000
279;Dana;Logistics;375000
280;Arman;Sales;370000
281;Timur;Sales;365000
282;Azamat;Marketing;615000
283;Dinara;Finance;620000
284;Assel;HR;340000
285;Dinara;IT;890000
286;Yerlan;Logistics;290000
287;Laura;Logistics;355000
288;Arman;Logistics;295000
289;Nursultan;Marketing;330000
290;Serik;Finance;650000
291;Askar;Logistics;280000
292;Gulnara;Marketing;425000
293;Baurzhan;IT;715000
294;Daniyar;HR;415000
295;Gulnara;Finance;670000
296;Madina;Logistics;395000
297;Olzhas;Sales;630000
298;Dana;Logistics;455000
299;Laura;Marketing;470000
300;Bekzat;HR;465000
301;Saule;Finance;535000
302;Dana;IT;735000
303;Laura;Sales;595000
304;Arman;Marketing;530000
305;Saule;HR;285000
306;Baurzhan;HR;380000
307;Ruslan;Sales;435000
308;Nursultan;Finance;545000
309;Dana;Finance;555000
310;Azamat;Marketing;485000
311;Aigerim;Sales;450000
312;Bekzat;Logistics;415000
313;Laura;Marketing;395000
314;Ruslan;Logistics;465000
315;Ruslan;Logistics;400000
316;Aigerim;IT;635000
317;Kamila;Sales;455000
318;Yerzhan;Finance;615000
319;Serik;HR;445000
320;Bekzat;Finance;730000
321;Askar;Finance;670000
322;Timur;Finance;540000
323;Daniyar;Sales;420000
324;Daniyar;Finance;720000
325;Nurlan;Logistics;320000
326;Olzhas;Sales;605000
327;Olzhas;Finance;715000
328;Timur;Marketing;350000
329;Timur;Sales;445000
330;Nurlan;Finance;570000
331;Assel;IT;790000
332;Dana;Sales;325000
333;Serik;IT;635000
334;Madina;Logistics;460000
335;Daniyar;HR;280000
336;Timur;Marketing;470000
337;Zhanna;HR;385000
338;Marat;Sales;460000
339;Daniyar;HR;300000
340;Ruslan;HR;300000
341;Gulnara;Marketing;535000
342;Madina;IT;545000
343;Timur;Marketing;345000
344;Daniyar;Sales;565000
345;Arman;Marketing;570000
346;Yerlan;Marketing;565000
347;Kamila;Marketing;460000
348;Timur;HR;465000
349;Timur;HR;460000
350;Marat;Marketing;515000
351;Daniyar;Logistics;325000
352;Aruzhan;Logistics;340000
353;Aigerim;Logistics;310000
354;Nurlan;Sales;345000
355;Azamat;Sales;560000
356;Assel;HR;470000
357;Timur;HR;290000
358;Timur;Sales;480000
359;Baurzhan;Logistics;405000
360;Yerzhan;IT;595000
361;Nursultan;Finance;505000
362;Daniyar;HR;450000
363;Gulnara;Sales;395000
364;Aida;Finance;470000
365;Marat;IT;555000
366;Arman;Finance;740000
367;Zhanna;Finance;455000
368;Assel;HR;375000
369;Kamila;Logistics;345000
370;Serik;Marketing;475000
371;Aigerim;HR;470000
372;Symbat;IT;725000
373;Saule;Logistics;450000
374;Azamat;Finance;435000
375;Yerzhan;Sales;310000
376;Aida;Logistics;345000
377;Marat;Marketing;560000
378;Ruslan;Sales;630000
379;Zhanna;Logistics;345000
380;Dinara;Sales;575000
381;Aida;Logistics;415000
382;Ruslan;IT;670000
383;Saule;HR;380000
384;Daniyar;Logistics;310000
385;Bekzat;Finance;695000
386;Yerzhan;Finance;635000
387;Marat;Marketing;465000
388;Saule;IT;610000
389;Daniyar;Finance;635000
390;Aida;Marketing;320000
391;Baurzhan;Logistics;430000
392;Bekzat;HR;295000
393;Aliya;Sales;530000
394;Laura;Marketing;475000
395;Zhanna;Logistics;275000
396;Dana;Sales;380000
397;Zhanna;Finance;690000
398;Azamat;IT;850000
399;Nursultan;Marketing;395000
400;Nurlan;Logistics;355000
401;Azamat;Marketing;495000
402;Aigerim;HR;350000
403;Zhanna;IT;525000
404;Aida;Logistics;305000
405;Alibek;HR;370000
406;Assel;Marketing;405000
407;Aida;HR;430000
408;Yerlan;HR;425000
409;Madina;Marketing;440000
410;Alibek;Sales;625000
411;Symbat;Logistics;300000
412;Dana;IT;715000
413;Alibek;Finance;700000
414;Aida;Finance;380000
415;Olzhas;Finance;570000
416;Dinara;Marketing;530000
417;Baurzhan;HR;325000
418;Serik;HR;430000
419;Saule;Finance;730000
420;Kamila;Marketing;465000
421;Baurzhan;Finance;500000
422;Yerlan;Logistics;440000
423;Yerlan;HR;410000
424;Saule;IT;750000
425;Alibek;Logistics;380000
426;Yerzhan;HR;485000
427;Ruslan;Sales;320000
428;Aliya;Sales;510000
429;Baurzhan;IT;730000
430;Aliya;IT;740000
431;Olzhas;IT;540000
432;Baurzhan;HR;485000
433;Aigerim;Sales;600000
434;Saule;Finance;630000
435;Aigerim;Logistics;365000
436;Baurzhan;Logistics;430000
437;Saule;HR;480000
438;Symbat;Logistics;415000
439;Marat;Marketing;515000
440;Yerlan;IT;850000
441;Alibek;Logistics;350000
442;Olzhas;Sales;355000
443;Daniyar;HR;480000
444;Baurzhan;Logistics;290000
445;Nurlan;HR;375000
446;Marat;IT;655000
447;Timur;IT;675000
448;Bekzat;Finance;470000
449;Aliya;Sales;560000
450;Yerzhan;Marketing;570000
451;Nurlan;Sales;410000
452;Arman;IT;690000
453;Yerzhan;Marketing;395000
454;Alibek;HR;465000
455;Yerlan;Sales;595000
456;Dana;Logistics;405000
457;Yerzhan;Finance;385000
458;Symbat;HR;370000
459;Serik;Logistics;310000
460;Zhanna;IT;670000
461;Timur;Marketing;520000
462;Assel;HR;360000
463;Baurzhan;HR;375000
464;Kamila;Sales;605000
465;Yerlan;IT;690000
466;Askar;Marketing;500000
467;Assel;Finance;565000
468;Aida;IT;870000
469;Dana;HR;280000
470;Baurzhan;Marketing;535000
471;Marat;Logistics;450000
472;Ruslan;Logistics;350000
473;Arman;Sales;525000
474;Gulnara;Sales;420000
475;Dana;Marketing;535000
476;Laura;Logistics;470000
477;Aida;Logistics;300000
478;Daniyar;Logistics;460000
479;Marat;Logistics;355000
480;Marat;HR;465000
481;Olzhas;Finance;460000
482;Alibek;IT;635000
483;Olzhas;Finance;645000
484;Aruzhan;Sales;380000
485;Symbat;Marketing;435000
486;Aliya;Marketing;610000
487;Aida;Finance;485000
488;Alibek;Finance;685000
489;Olzhas;Finance;595000
490;Zhanna;IT;495000
491;Laura;Sales;440000
492;Olzhas;Logistics;475000
493;Baurzhan;HR;455000
494;Aigerim;Finance;630000
495;Dana;IT;790000
496;Zhanna;IT;685000
497;Olzhas;Logistics;475000
498;Dinara;Finance;620000
499;Askar;Logistics;290000
500;Yerlan;Logistics;410000
501;Arman;IT;805000
502;Alibek;Finance;520000
503;Aigerim;Logistics;460000
504;Alibek;HR;375000
505;Bekzat;Logistics;295000
506;Marat;Sales;320000
507;Ruslan;Finance;450000
508;Yerlan;IT;790000
509;Kamila;Sales;590000
510;Yerzhan;Finance;725000
511;Dinara;HR;325000
512;Gulnara;HR;310000
513;Arman;HR;410000
514;Marat;Finance;615000
515;Zhanna;Sales;580000
516;Baurzhan;Sales;530000
517;Yerzhan;IT;685000
518;Symbat;Marketing;525000
519;Marat;Finance;630000
520;Aruzhan;Finance;455000
521;Aigerim;HR;490000
522;Gulnara;Sales;310000
523;Nursultan;IT;660000
524;Madina;Sales;430000
525;Aida;IT;800000
526;Dinara;Sales;435000
527;Saule;Sales;390000
528;Azamat;Marketing;405000
529;Madina;Sales;645000
530;Nursultan;Finance;490000
531;Yerzhan;IT;465000
532;Azamat;Sales;525000
533;Dinara;Sales;505000
534;Nurlan;IT;615000
535;Madina;IT;715000
536;Daniyar;Marketing;555000
537;Ruslan;IT;735000
538;Aliya;Finance;445000
539;Aliya;HR;350000
540;Marat;Marketing;550000
541;Aliya;Logistics;355000
542;Gulnara;HR;285000
543;Ruslan;IT;705000
544;Yerzhan;HR;310000
545;Assel;HR;420000
546;Symbat;IT;500000
547;Arman;Finance;470000
548;Madina;IT;625000
549;Gulnara;Marketing;505000
550;Assel;Marketing;420000
551;Arman;HR;445000
552;Zhanna;Finance;700000
553;Bekzat;Marketing;350000
554;Daniyar;Logistics;465000
555;Symbat;Logistics;435000
556;Baurzhan;Logistics;325000
557;Zhanna;HR;350000
558;Saule;HR;425000
559;Bekzat;HR;310000
560;Bekzat;Finance;580000
561;Dana;Logistics;375000
562;Yerzhan;Sales;600000
563;Aigerim;IT;500000
564;Bekzat;IT;510000
565;Olzhas;Logistics;375000
566;Serik;Sales;335000
567;Serik;Marketing;495000
568;Yerzhan;Finance;455000
569;Askar;HR;490000
570;Baurzhan;HR;295000
571;Arman;Finance;575000
572;Daniyar;Finance;745000
573;Aruzhan;Marketing;365000
574;Ruslan;Logistics;330000
575;Askar;IT;805000
576;Daniyar;Finance;555000
577;Yerlan;Marketing;575000
578;Baurzhan;HR;455000
579;Arman;Marketing;535000
580;Serik;Logistics;265000
581;Alibek;Marketing;530000
582;Dana;Logistics;265000
583;Dana;Sales;495000
584;Askar;Finance;380000
585;Baurzhan;Sales;390000
586;Yerzhan;Marketing;445000
587;Madina;IT;855000
588;Aigerim;IT;785000
589;Kamila;Sales;565000
590;Saule;HR;330000
591;Timur;Finance;585000
592;Arman;Marketing;345000
593;Madina;IT;550000
594;Marat;Marketing;535000
595;Dana;IT;730000
596;Bekzat;Logistics;415000
597;Zhanna;Marketing;450000
598;Aruzhan;Finance;705000
599;Askar;IT;725000
600;Timur;IT;880000
601;Dinara;Logistics;415000
602;Yerzhan;Marketing;415000
603;Yerlan;IT;700000
604;Marat;Marketing;320000
605;Timur;Sales;435000
606;Laura;Sales;460000
607;Saule;Finance;455000
608;Ruslan;IT;725000
609;Madina;Sales;540000
610;Assel;Marketing;390000
611;Serik;Marketing;585000
612;Nursultan;Logistics;370000
613;Kamila;IT;475000
614;Azamat;HR;425000
615;Baurzhan;IT;650000
616;Bekzat;Marketing;500000
617;Assel;HR;480000
618;Timur;HR;315000
619;Azamat;HR;380000
620;Nursultan;Sales;590000
621;Alibek;Logistics;375000
622;Bekzat;IT;515000
623;Bekzat;Sales;555000
624;Aigerim;Marketing;445000
625;Olzhas;Finance;595000
626;Saule;Sales;405000
627;Aliya;IT;855000
628;Aliya;IT;775000
629;Symbat;Sales;520000
630;Olzhas;Finance;470000
631;Daniyar;Sales;390000
632;Aruzhan;Finance;490000
633;Madina;Marketing;560000
634;Aigerim;Logistics;315000
635;Ruslan;Logistics;405000
636;Laura;Marketing;505000
637;Yerzhan;HR;460000
638;Gulnara;Logistics;455000
639;Baurzhan;Finance;580000
640;Zhanna;Sales;340000
641;Zhanna;HR;480000
642;Nursultan;Finance;555000
643;Marat;Marketing;430000
644;Aigerim;Marketing;415000
645;Zhanna;HR;290000
646;Askar;IT;630000
647;Gulnara;IT;505000
648;Arman;Marketing;480000
649;Zhanna;HR;465000
650;Nursultan;Marketing;555000
651;Zhanna;IT;815000
652;Aruzhan;Logistics;360000
653;Ruslan;Marketing;480000
654;Marat;Sales;585000
655;Nursultan;IT;665000
656;Aigerim;Logistics;420000
657;Nurlan;Logistics;270000
658;Assel;Sales;580000
659;Aliya;HR;445000
660;Nurlan;Marketing;435000
661;Alibek;Finance;560000
662;Bekzat;HR;385000
663;Arman;Logistics;275000
664;Gulnara;Logistics;365000
665;Saule;IT;510000
666;Yerzhan;Marketing;440000
667;Dana;Finance;475000
668;Aigerim;Finance;470000
669;Timur;Finance;630000
670;Arman;Sales;350000
671;Serik;Finance;620000
672;Nursultan;Logistics;365000
673;Yerzhan;Sales;635000
674;Gulnara;IT;875000
675;Aliya;HR;395000
676;Askar;IT;645000
677;Aruzhan;Sales;515000
678;Aruzhan;HR;350000
679;Madina;Sales;345000
680;Baurzhan;Finance;440000
681;Laura;Marketing;490000
682;Symbat;Logistics;425000
683;Yerzhan;IT;665000
684;Madina;Marketing;510000
685;Madina;HR;330000
686;Aida;Sales;405000
687;Zhanna;Logistics;270000
688;Askar;HR;495000
689;Yerlan;Logistics;400000
690;Timur;Marketing;560000
691;Nursultan;Logistics;400000
692;Serik;Sales;450000
693;Nursultan;Finance;680000
694;Askar;Sales;580000
695;Laura;HR;370000
696;Aliya;HR;445000
697;Nurlan;HR;340000
698;Madina;Marketing;595000
699;Marat;Finance;685000
700;Serik;Finance;445000
701;Baurzhan;Logistics;425000
702;Timur;IT;500000
703;Dana;Sales;585000
704;Madina;Marketing;585000
705;Aigerim;HR;350000
706;Symbat;HR;390000
707;Bekzat;IT;480000
708;Aliya;HR;395000
709;Kamila;Sales;350000
710;Yerlan;Finance;395000
711;Alibek;Finance;440000
712;Gulnara;Logistics;365000
713;Madina;Sales;320000
714;Alibek;Finance;680000
715;Aida;Logistics;300000
716;Ruslan;Logistics;400000
717;Azamat;Marketing;605000
718;Azamat;IT;610000
719;Aida;Sales;395000
720;Olzhas;Marketing;510000
721;Bekzat;Marketing;355000
722;Yerlan;Finance;570000
723;Marat;IT;600000
724;Gulnara;HR;475000
725;Aigerim;HR;315000
726;Arman;HR;450000
727;Gulnara;IT;775000
728;Yerlan;Marketing;545000
729;Timur;Sales;570000
730;Arman;IT;675000
731;Dinara;Sales;565000
732;Yerzhan;Sales;350000
733;Askar;Marketing;340000
734;Serik;Marketing;480000
735;Serik;Marketing;325000
736;Baurzhan;HR;430000
737;Gulnara;IT;695000
738;Dana;Finance;390000
739;Nursultan;Finance;420000
740;Yerlan;Finance;445000
741;Olzhas;Marketing;560000
742;Madina;Finance;405000
743;Serik;Finance;595000
744;Nurlan;Logistics;475000
745;Assel;HR;430000
746;Nurlan;Logistics;300000
747;Assel;IT;740000
748;Timur;IT;575000
749;Nursultan;IT;575000
750;Saule;IT;645000
751;Kamila;Marketing;580000
752;Ruslan;Marketing;400000
753;Laura;IT;860000
754;Timur;Sales;525000
755;Baurzhan;IT;865000
756;Dana;Finance;455000
757;Bekzat;Finance;635000
758;Zhanna;Logistics;380000
759;Nurlan;Finance;695000
760;Ruslan;Logistics;375000
761;Dana;Marketing;575000
762;Olzhas;IT;720000
763;Bekzat;IT;835000
764;Serik;Sales;485000
765;Daniyar;Finance;430000
766;Yerzhan;Finance;565000
767;Zhanna;Finance;650000
768;Assel;Sales;580000
769;Zhanna;Finance;405000
770;Baurzhan;Logistics;370000
771;Bekzat;Marketing;405000
772;Nursultan;Logistics;275000
773;Yerzhan;IT;855000
774;Askar;HR;440000
775;Yerzhan;Logistics;310000
776;Madina;IT;835000
777;Nursultan;Logistics;400000
778;Madina;IT;490000
779;Laura;Sales;530000
780;Kamila;Finance;740000
781;Arman;IT;545000
782;Zhanna;Logistics;375000
783;Zhanna;Finance;425000
784;Madina;Marketing;485000
785;Kamila;Finance;580000
786;Dana;Logistics;335000
787;Azamat;IT;565000
788;Aliya;HR;400000
789;Daniyar;Marketing;400000
790;Assel;Finance;665000
791;Arman;Sales;480000
792;Alibek;Logistics;415000
793;Daniyar;Sales;385000
794;Zhanna;IT;560000
795;Zhanna;Logistics;285000
796;Baurzhan;Logistics;360000
797;Askar;Logistics;280000
798;Serik;Marketing;410000
799;Baurzhan;Finance;480000
800;Assel;Logistics;460000
801;Nursultan;Sales;530000
802;Yerlan;Marketing;355000
803;Nursultan;Sales;385000
804;Nursultan;Sales;615000
805;Askar;IT;800000
806;Askar;Marketing;465000
807;Madina;Marketing;515000
808;Aigerim;IT;645000
809;Assel;HR;430000
810;Bekzat;Marketing;565000
811;Aida;HR;460000
812;Madina;IT;650000
813;Aigerim;Logistics;400000
814;Yerzhan;HR;445000
815;Madina;Finance;730000
816;Dinara;Logistics;315000
817;Bekzat;Sales;620000
818;Aida;IT;525000
819;Madina;Marketing;415000
820;Nurlan;Sales;505000
821;Yerlan;Logistics;370000
822;Symbat;Marketing;410000
823;Dana;IT;575000
824;Serik;Logistics;345000
825;Gulnara;Sales;490000
826;Serik;Marketing;345000
827;Gulnara;Marketing;370000
828;Dinara;Marketing;365000
829;Yerzhan;Sales;515000
830;Marat;Marketing;580000
831;Aigerim;IT;475000
832;Laura;Logistics;440000
833;Gulnara;Finance;510000
834;Bekzat;Marketing;515000
835;Azamat;Logistics;415000
836;Serik;Logistics;350000
837;Timur;Logistics;410000
838;Nursultan;Sales;555000
839;Zhanna;Finance;425000
840;Marat;Logistics;310000
841;Bekzat;HR;430000
842;Aruzhan;HR;385000
843;Madina;Marketing;420000
844;Saule;Logistics;370000
845;Madina;HR;395000
846;Serik;Marketing;350000
847;Yerlan;Finance;675000
848;Dana;IT;735000
849;Madina;Sales;360000
850;Timur;IT;695000
851;Bekzat;Marketing;395000
852;Aida;Sales;505000
853;Olzhas;Marketing;420000
854;Laura;Sales;400000
855;Aliya;HR;425000
856;Symbat;HR;375000
857;Azamat;HR;305000
858;Aliya;HR;425000
859;Aruzhan;Sales;525000
860;Marat;IT;630000
861;Arman;HR;485000
862;Ruslan;Logistics;350000
863;Azamat;Marketing;590000
864;Bekzat;IT;535000
865;Olzhas;Finance;610000
866;Askar;HR;290000
867;Marat;HR;460000
868;Aruzhan;Marketing;435000
869;Timur;Marketing;340000
870;Aliya;HR;420000
871;Dana;Marketing;580000
872;Yerzhan;Marketing;515000
873;Madina;IT;510000
874;Askar;HR;385000
875;Askar;Marketing;560000
876;Aruzhan;Sales;625000
877;Aliya;HR;290000
878;Marat;IT;535000
879;Saule;Logistics;410000
880;Zhanna;Marketing;365000
881;Symbat;Marketing;480000
882;Saule;Sales;500000
883;Kamila;Sales;490000
884;Saule;Marketing;480000
885;Serik;Marketing;475000
886;Dinara;Logistics;355000
887;Aida;HR;285000
888;Saule;Finance;450000
889;Dinara;HR;375000
890;Baurzhan;Logistics;460000
891;Arman;IT;750000
892;Gulnara;Finance;745000
893;Olzhas;Sales;330000
894;Ruslan;Marketing;370000
895;Gulnara;Marketing;550000
896;Laura;Marketing;585000
897;Madina;HR;495000
898;Marat;Sales;370000
899;Azamat;Sales;580000
900;Bekzat;Finance;475000
901;Assel;HR;345000
902;Aliya;HR;475000
903;Baurzhan;HR;295000
904;Madina;Logistics;425000
905;Serik;Sales;505000
906;Ruslan;Logistics;425000
907;Saule;HR;335000
908;Alibek;HR;450000
909;Serik;Finance;605000
910;Laura;Logistics;475000
911;Nursultan;Logistics;340000
912;Ruslan;Marketing;380000
913;Dana;Sales;490000
914;Timur;Sales;480000
915;Aruzhan;Logistics;415000
916;Ruslan;Finance;600000
917;Alibek;Marketing;615000
918;Dana;Logistics;350000
919;Dinara;IT;880000
920;Kamila;Marketing;605000
921;Aida;HR;390000
922;Timur;Sales;325000
923;Assel;Finance;430000
924;Alibek;Finance;660000
925;Dana;Logistics;410000
926;Aruzhan;Sales;640000
927;Alibek;Finance;735000
928;Dana;Logistics;300000
929;Arman;IT;825000
930;Yerlan;Sales;330000
931;Symbat;Logistics;425000
932;Gulnara;Sales;445000
933;Daniyar;IT;710000
934;Assel;Finance;680000
935;Yerzhan;IT;535000
936;Serik;IT;550000
937;Gulnara;HR;430000
938;Gulnara;HR;340000
939;Saule;Finance;560000
940;Marat;Logistics;285000
941;Dinara;Logistics;330000
942;Olzhas;Marketing;550000
943;Alibek;IT;560000
944;Symbat;HR;335000
945;Aida;IT;700000
946;Nurlan;HR;370000
947;Azamat;IT;640000
948;Arman;Marketing;350000
949;Timur;Finance;670000
950;Serik;Logistics;425000
951;Symbat;HR;320000
952;Zhanna;Marketing;405000
953;Nursultan;Sales;370000
954;Nurlan;Finance;670000
955;Dana;Logistics;315000
956;Olzhas;IT;665000
957;Dinara;Finance;500000
958;Arman;Sales;555000
959;Aliya;HR;380000
960;Kamila;IT;875000
961;Nurlan;IT;535000
962;Saule;HR;355000
963;Dana;IT;695000
964;Zhanna;Sales;470000
965;Timur;Finance;745000
966;Dana;IT;865000
967;Assel;Finance;530000
968;Yerzhan;IT;525000
969;Timur;HR;330000
970;Yerzhan;HR;440000
971;Laura;Logistics;355000
972;Daniyar;Logistics;460000
973;Askar;Finance;520000
974;Madina;Sales;605000
975;Zhanna;Sales;535000
976;Assel;HR;455000
977;Laura;HR;450000
978;Aida;Logistics;325000
979;Yerzhan;Sales;350000
980;Zhanna;Marketing;485000
981;Askar;Logistics;280000
982;Daniyar;Marketing;335000
983;Symbat;Marketing;480000
984;Dinara;Sales;640000
985;Nurlan;Sales;505000
986;Zhanna;Marketing;355000
987;Aruzhan;Logistics;445000
988;Aigerim;HR;440000
989;Nursultan;HR;295000
990;Madina;HR;440000
991;Zhanna;HR;460000
992;Serik;IT;745000
993;Nursultan;Logistics;355000
994;Azamat;Logistics;385000
995;Aida;Finance;380000
996;Aruzhan;Logistics;445000
997;Marat;IT;720000
998;Assel;Finance;420000
999;Marat;Marketing;615000
1000;Alibek;IT;750000
